age,location_type,driving_points,years_driving_experience,vehicle_type,annual_mileage,credit_score,previous_claims,marital_status,policy_premium
56,Urban,3,38,SUV,5235,754,1,Married,1678.87
69,Urban,2,51,Truck,12659,626,0,Single,1334.46
46,Suburban,3,28,Sedan,18499,722,0,Single,1280.81
32,Urban,0,14,SUV,19061,687,1,Single,1510.37
60,Urban,2,42,Sedan,10034,668,0,Single,1052.08
25,Urban,0,7,Sedan,17682,709,1,Married,1392.46
38,Urban,0,20,Truck,10954,703,0,Single,1171.33
56,Urban,2,38,Sports,12501,659,1,Single,1866.71
36,Urban,1,18,Sedan,12712,657,0,Married,1104.82
40,Suburban,0,22,Truck,14435,621,0,Married,1121.43
28,Urban,1,10,Truck,18005,715,1,Married,1731.33
28,Urban,2,10,Truck,15058,637,2,Married,2121.54
41,Rural,3,23,Sedan,13495,700,1,Single,1491.29
70,Urban,4,52,Sports,17869,729,0,Married,1732.83
53,Suburban,2,35,Sedan,10789,710,2,Married,1675.48
57,Urban,2,39,Sedan,13691,663,0,Single,1218.47
41,Urban,2,23,Sedan,17983,745,0,Married,1225.64
20,Urban,0,2,SUV,16117,679,0,Single,1321.68
39,Urban,2,21,Sedan,12134,633,0,Married,1385.47
70,Urban,3,52,Sedan,7948,685,0,Married,847.65
19,Urban,1,1,Sedan,15243,729,1,Married,1534.72
41,Urban,6,23,Truck,7685,666,0,Married,1787.69
61,Urban,1,43,Truck,13149,743,2,Married,1378.29
47,Urban,3,29,Sedan,18715,661,0,Single,1380.4
55,Urban,1,37,Truck,16387,668,1,Single,1554.77
19,Urban,1,1,Truck,5905,647,0,Single,1409.15
38,Suburban,3,20,Truck,14801,734,1,Single,1637.19
50,Suburban,3,32,Sedan,12723,697,0,Married,1235.98
29,Urban,3,11,SUV,8905,651,0,Single,1644.34
39,Suburban,1,21,Sports,15340,680,0,Single,1642.39
61,Suburban,6,43,SUV,12033,546,0,Married,1855.84
42,Urban,0,24,Sedan,12057,738,1,Married,1042.03
66,Rural,1,48,SUV,14496,691,0,Single,1085.95
44,Rural,4,26,SUV,11496,579,0,Single,1618.97
59,Urban,0,41,SUV,14382,627,1,Single,1344.3
45,Urban,5,27,Sedan,11626,678,0,Married,1472.05
33,Rural,2,15,Sedan,11846,634,1,Single,1492.28
32,Suburban,1,14,Truck,17971,739,0,Married,1213.35
64,Urban,0,46,Truck,18378,720,0,Single,1141.08
68,Urban,0,50,Sedan,7165,717,0,Single,653.38
61,Urban,4,43,Sports,16988,569,0,Married,1909.58
72,Urban,2,54,Sedan,19594,673,1,Single,1487.99
69,Suburban,2,51,SUV,20229,665,0,Single,1336.46
74,Urban,1,56,Truck,16081,652,0,Single,1108.08
20,Urban,0,2,Truck,9770,679,0,Married,1335.69
54,Suburban,2,36,Sports,16519,643,0,Married,1587.52
68,Urban,1,50,Sedan,10522,710,1,Single,1142.22
24,Urban,3,6,Truck,12628,738,1,Single,1916.92
38,Suburban,0,20,Sedan,15532,734,0,Single,990.51
26,Rural,1,8,Truck,10780,693,0,Married,1117.27
56,Suburban,1,38,Truck,9414,799,0,Married,949.95
35,Suburban,4,17,SUV,15863,756,0,Married,1317.46
21,Urban,3,3,Sedan,21468,694,0,Married,1878.23
42,Urban,2,24,Truck,18972,675,1,Single,1555.48
31,Suburban,2,13,Sedan,16828,766,0,Single,1132.71
67,Urban,2,49,Sedan,17916,750,0,Single,1043.65
26,Urban,2,8,Truck,16550,629,0,Single,1622.1
43,Urban,2,25,SUV,15799,754,0,Single,1452.63
70,Urban,1,52,Truck,17594,692,0,Married,980.13
19,Urban,0,1,Sedan,8526,656,0,Married,1217.97
37,Urban,4,19,Sedan,14797,601,2,Married,2146.63
45,Urban,0,27,Truck,13676,686,0,Single,1145.65
64,Urban,3,46,SUV,14315,699,1,Married,1607.75
24,Rural,1,6,Sedan,12154,779,0,Married,951.1
61,Suburban,2,43,Truck,16081,747,0,Married,1017.72
25,Suburban,2,7,SUV,10728,670,0,Single,1394.91
64,Suburban,5,46,SUV,11864,719,0,Single,1466.19
52,Urban,1,34,SUV,11384,741,0,Single,1207.63
31,Urban,1,13,Truck,17455,704,0,Single,1318.0
34,Suburban,5,16,Truck,13953,670,0,Married,1645.42
53,Suburban,1,35,Truck,12156,673,1,Single,1380.19
67,Suburban,1,49,Sedan,12506,719,0,Single,789.84
57,Urban,3,39,Truck,14015,720,0,Married,1417.27
21,Urban,0,3,SUV,20488,685,1,Married,1621.24
19,Urban,1,1,SUV,9053,569,1,Married,1672.35
23,Urban,0,5,Sedan,16702,635,1,Married,1510.73
71,Suburban,0,53,Truck,15887,730,0,Single,698.67
59,Suburban,3,41,Truck,10468,593,0,Single,1347.64
21,Urban,3,3,Sedan,19867,759,0,Single,1487.82
71,Rural,1,53,SUV,16157,751,1,Married,1141.96
46,Suburban,2,28,Truck,11969,702,0,Married,1169.72
35,Urban,0,17,Sedan,6562,729,4,Single,1939.98
43,Urban,0,25,Sports,14916,726,1,Married,1656.5
61,Urban,4,43,SUV,13821,694,1,Single,1777.81
51,Urban,1,33,SUV,9877,631,1,Married,1511.24
27,Urban,4,9,Sedan,9825,748,1,Single,1790.44
53,Urban,4,35,Sedan,17474,770,0,Single,1283.54
31,Urban,4,13,Sports,6177,639,1,Married,2356.1
48,Urban,2,30,Sedan,15257,629,1,Married,1567.7
65,Rural,2,47,Truck,13250,693,1,Married,1098.1
32,Urban,3,14,Sedan,15988,668,1,Single,1810.63
25,Suburban,2,7,Sedan,12822,707,0,Single,1186.71
31,Urban,5,13,Sedan,15173,760,0,Single,1706.13
40,Rural,5,22,SUV,11028,587,0,Married,1935.88
74,Urban,1,56,Sports,13803,779,0,Married,1087.89
57,Urban,2,39,Sedan,15956,679,0,Single,1238.08
38,Rural,1,20,Sedan,14603,725,1,Single,1021.99
33,Rural,2,15,Sedan,15521,730,0,Married,1159.21
62,Rural,4,44,SUV,10288,736,0,Single,1095.75
35,Urban,2,17,SUV,11637,703,0,Married,1367.57
64,Urban,4,46,Truck,11706,714,0,Single,1262.46
70,Suburban,1,52,SUV,12894,714,2,Married,1505.63
41,Rural,3,23,SUV,19434,668,0,Married,1572.24
43,Suburban,2,25,Sedan,12583,612,1,Married,1519.08
42,Suburban,3,24,Sports,9425,639,0,Married,1620.43
62,Urban,3,44,Sedan,16166,694,0,Single,1424.44
58,Suburban,1,40,Sedan,19386,660,0,Married,981.75
46,Urban,3,28,SUV,8955,660,2,Married,1770.12
32,Urban,1,14,SUV,21891,789,0,Single,1404.7
62,Urban,3,44,SUV,15660,742,2,Single,1725.42
18,Suburban,4,0,SUV,18135,687,1,Single,2176.39
42,Urban,2,24,Truck,19868,733,2,Married,1864.41
24,Urban,3,6,Sedan,17890,678,1,Single,1929.72
26,Suburban,3,8,Truck,13557,705,0,Married,1638.01
41,Urban,3,23,SUV,18870,722,0,Single,1461.16
18,Suburban,3,0,SUV,15018,679,0,Married,1616.18
61,Urban,1,43,SUV,18361,665,0,Single,1252.35
25,Urban,0,7,Sedan,18799,761,0,Single,1294.24
41,Suburban,4,23,Truck,9636,730,0,Married,1335.7
28,Urban,1,10,SUV,17177,587,0,Married,1563.7
68,Urban,2,50,Sedan,13272,666,0,Single,1143.89
34,Urban,1,16,SUV,14552,660,0,Single,1368.56
25,Urban,5,7,Sports,14508,668,0,Single,2230.87
52,Rural,1,34,SUV,14347,743,0,Married,799.55
52,Urban,2,34,Sports,20094,700,0,Married,1896.84
50,Rural,2,32,Sedan,8534,630,2,Married,1388.24
22,Urban,1,4,Sedan,7110,680,0,Married,1198.47
59,Suburban,0,41,Sedan,6266,727,0,Married,628.24
56,Suburban,0,38,SUV,18276,689,1,Single,1483.91
58,Suburban,2,40,Sedan,10906,667,0,Married,906.61
45,Urban,2,27,Sedan,14528,716,0,Married,1422.29
24,Urban,3,6,Sports,13541,780,1,Single,2126.83
26,Urban,3,8,Truck,10454,723,2,Single,2066.02
25,Rural,0,7,Truck,17405,765,1,Single,1165.11
29,Rural,3,11,Sedan,13490,671,1,Single,1630.96
51,Rural,1,33,Sedan,13049,699,1,Married,1036.89
50,Urban,1,32,Sedan,14931,698,1,Married,1473.63
65,Suburban,3,47,Truck,16883,705,0,Married,1138.64
72,Rural,0,54,Sports,10164,722,2,Married,1382.14
40,Urban,1,22,SUV,17491,654,0,Married,1375.84
41,Urban,2,23,Sedan,19799,732,0,Married,1212.23
54,Suburban,2,36,SUV,8295,618,2,Single,1829.56
52,Suburban,1,34,Sedan,15113,633,0,Single,1134.74
61,Rural,1,43,Sedan,12780,806,0,Married,735.6
57,Urban,0,39,SUV,16796,674,1,Single,1206.95
39,Suburban,1,21,Truck,9133,736,0,Single,1147.41
44,Urban,2,26,Sedan,20515,784,1,Married,1720.27
52,Urban,1,34,Sedan,7568,584,0,Married,1096.36
18,Urban,4,0,Sports,13022,756,0,Single,2186.84
52,Rural,1,34,Sedan,15737,732,0,Married,815.74
54,Suburban,3,36,Sedan,11254,782,0,Married,886.57
64,Suburban,1,46,Sedan,10626,640,0,Single,876.83
31,Urban,3,13,Sedan,14888,772,0,Single,1482.14
20,Rural,0,2,Sedan,14311,663,1,Married,1226.35
18,Urban,1,0,Truck,14023,752,0,Single,1298.31
22,Rural,2,4,Sedan,17434,698,0,Single,1337.86
43,Urban,1,25,SUV,12422,738,0,Married,1205.64
72,Urban,2,54,SUV,15278,702,1,Married,1498.63
31,Urban,2,13,SUV,11973,608,1,Single,1883.38
56,Urban,2,38,Truck,10602,543,0,Single,1484.49
44,Suburban,4,26,Truck,12860,710,0,Single,1412.67
26,Suburban,2,8,Sedan,12004,686,0,Married,1306.23
32,Urban,3,14,Truck,12204,719,0,Single,1415.82
32,Rural,2,14,SUV,18661,687,1,Married,1762.26
43,Urban,1,25,Sports,12983,800,0,Married,1307.32
59,Suburban,2,41,SUV,11348,711,0,Single,1234.6
30,Rural,4,12,Sports,14112,677,0,Married,1812.82
68,Suburban,2,50,Truck,14416,716,0,Married,1058.44
49,Urban,0,31,Sedan,9252,678,0,Married,880.28
56,Rural,3,38,SUV,12806,704,0,Single,1096.49
66,Suburban,0,48,Sports,12645,639,0,Married,1028.7
69,Urban,5,51,Truck,13311,699,1,Married,1643.63
49,Urban,2,31,Sedan,16902,676,0,Married,1255.14
21,Suburban,3,3,Truck,14546,643,0,Single,1666.88
47,Suburban,2,29,Sedan,18911,798,1,Married,1401.7
54,Suburban,5,36,Sedan,13953,645,0,Single,1465.22
40,Rural,2,22,SUV,21104,700,0,Single,1248.36
56,Suburban,2,38,Sedan,12156,659,0,Single,941.57
62,Urban,1,44,Truck,10921,714,0,Married,1064.82
32,Urban,1,14,Sedan,16189,636,2,Married,1991.15
60,Urban,6,42,Truck,19456,742,1,Married,2095.47
46,Suburban,1,28,Sedan,8484,801,0,Married,848.75
53,Urban,2,35,Sedan,13212,658,2,Single,1791.03
30,Suburban,0,12,Sedan,11556,760,1,Married,1313.1
49,Suburban,4,31,Sedan,14571,680,0,Single,1419.77
24,Rural,2,6,Sedan,14040,775,0,Single,1160.71
68,Urban,3,50,Sedan,19381,809,0,Married,1061.14
39,Rural,3,21,SUV,13566,688,0,Married,1233.29
45,Urban,3,27,Sedan,19499,623,0,Married,1489.6
19,Rural,2,1,SUV,12739,747,0,Married,1307.67
59,Urban,1,41,Sedan,17705,711,0,Single,1053.15
62,Urban,2,44,Truck,14914,725,0,Single,1372.84
74,Suburban,3,56,Sports,20919,683,1,Married,1815.41
70,Urban,3,52,SUV,8091,655,0,Single,1406.75
23,Urban,3,5,Sedan,9344,758,0,Single,1335.65
45,Suburban,2,27,Sedan,21326,715,0,Married,1196.22
45,Suburban,3,27,Sports,11066,627,1,Single,1842.59
61,Suburban,2,43,Sedan,11320,734,1,Single,1096.57
61,Suburban,0,43,Sedan,10497,724,0,Married,736.15
37,Suburban,4,19,Sedan,18593,683,0,Married,1539.15
47,Urban,3,29,Sedan,8986,780,0,Married,1243.08
28,Urban,2,10,Sedan,14089,669,0,Married,1441.96
72,Urban,3,54,Truck,12937,691,0,Single,1206.31
45,Rural,2,27,Sedan,18146,738,0,Married,1260.02
42,Suburban,1,24,SUV,11745,703,0,Married,1146.28
56,Urban,4,38,Sedan,15661,630,1,Single,1888.22
50,Urban,3,32,Sedan,9315,709,0,Single,1196.1
18,Rural,4,0,Sports,23095,679,0,Married,2134.88
74,Urban,1,56,Sedan,13041,742,0,Married,903.42
44,Suburban,2,26,Truck,14035,707,0,Married,1258.87
74,Suburban,1,56,SUV,20619,704,2,Married,1295.84
69,Suburban,2,51,Sedan,11653,647,0,Married,994.12
30,Urban,1,12,Sports,20669,688,0,Married,1881.08
58,Rural,1,40,Sedan,12354,748,1,Married,1022.06
20,Rural,5,2,Truck,16686,661,0,Single,1843.37
56,Suburban,0,38,Sedan,11709,698,0,Married,608.41
23,Suburban,2,5,Truck,8575,653,1,Single,1583.08
25,Rural,4,7,Sedan,15658,640,0,Married,1596.01
44,Suburban,2,26,SUV,16559,695,1,Married,1634.92
26,Urban,0,8,Truck,8736,708,1,Married,1532.51
54,Suburban,5,36,Sports,12771,799,1,Married,1896.58
50,Suburban,2,32,Sports,18803,677,0,Married,1647.13
68,Urban,4,50,Truck,16400,697,1,Single,1688.14
59,Suburban,3,41,Truck,12419,637,1,Single,1470.09
61,Rural,1,43,Sedan,11609,730,1,Married,735.56
41,Rural,2,23,Sedan,21792,719,1,Married,1453.48
32,Urban,5,14,Sedan,8212,774,2,Married,2023.57
71,Urban,1,53,Sedan,13763,755,2,Single,1264.13
49,Rural,1,31,Sedan,8141,717,0,Married,612.7
49,Rural,1,31,SUV,19259,676,0,Married,1215.86
41,Urban,3,23,Sedan,13971,710,0,Married,1349.97
58,Rural,2,40,SUV,14712,694,0,Married,1161.37
69,Rural,1,51,Sedan,25075,747,0,Married,1010.03
66,Suburban,0,48,Sedan,11626,741,0,Married,420.75
66,Suburban,1,48,SUV,20994,685,0,Single,1059.45
69,Urban,0,51,Truck,12437,626,0,Married,974.62
29,Urban,3,11,Truck,13065,766,2,Single,2120.46
56,Urban,2,38,SUV,24552,729,1,Married,1503.14
19,Rural,0,1,Sedan,13355,684,1,Single,1465.91
20,Urban,1,2,SUV,8502,727,0,Single,1360.62
66,Urban,3,48,Sedan,15127,703,3,Married,1944.8
54,Urban,2,36,Sedan,13309,765,0,Single,1040.33
66,Suburban,1,48,SUV,15468,603,0,Married,1125.89
73,Rural,3,55,Sedan,13465,680,0,Married,1062.79
34,Urban,4,16,Sedan,22862,779,0,Married,1475.58
66,Urban,0,48,Sports,16226,728,1,Married,1507.93
19,Suburban,1,1,Sports,9700,788,0,Single,1393.08
19,Urban,1,1,Sedan,14498,638,1,Married,1602.26
45,Urban,2,27,Sedan,10801,753,2,Single,1871.11
71,Urban,2,53,Sedan,13009,750,0,Single,984.04
40,Urban,0,22,Sedan,10358,615,0,Married,1174.2
54,Urban,2,36,Sports,22428,685,0,Single,1830.7
49,Urban,0,31,Sedan,11234,694,0,Married,793.38
50,Urban,4,32,Truck,16750,619,0,Married,1877.98
18,Rural,1,0,Sedan,12706,686,1,Married,1136.69
36,Urban,5,18,Sports,9366,743,1,Married,2111.11
19,Suburban,1,1,Sedan,14790,680,0,Single,1223.95
70,Suburban,1,52,Truck,15602,712,1,Married,1234.2
61,Urban,0,43,Sedan,16234,712,0,Married,909.38
43,Suburban,1,25,SUV,5000,699,1,Married,1285.82
49,Urban,2,31,Sedan,9060,664,1,Single,1436.7
23,Rural,0,5,Sedan,17830,732,0,Married,887.65
49,Urban,3,31,Sports,10305,620,2,Single,2142.85
72,Urban,4,54,Sports,14811,700,1,Single,1998.82
21,Urban,2,3,Truck,8967,769,0,Married,1422.38
72,Rural,5,54,SUV,16926,677,0,Married,1570.84
28,Suburban,2,10,Truck,17725,663,0,Married,1408.37
73,Suburban,3,55,Sedan,16927,736,0,Married,1095.19
34,Urban,1,16,Sedan,18130,708,0,Married,1229.58
55,Suburban,2,37,Sedan,20255,737,0,Single,1217.37
41,Urban,0,23,SUV,9303,701,1,Single,1462.24
22,Rural,3,4,Sedan,10845,580,1,Single,1747.8
69,Urban,1,51,Sedan,17590,758,0,Married,860.9
51,Urban,3,33,SUV,18520,803,0,Single,1471.39
23,Urban,3,5,Truck,11302,764,1,Single,1814.22
39,Urban,1,21,Sedan,11024,523,0,Married,1320.42
28,Suburban,3,10,Sedan,11391,722,0,Single,1191.09
65,Urban,0,47,Sedan,7579,676,1,Single,1000.83
33,Suburban,1,15,Sedan,8914,645,1,Married,1523.75
50,Urban,0,32,Sedan,9010,706,1,Single,1240.8
26,Suburban,2,8,SUV,12823,692,1,Single,1575.11
23,Urban,1,5,SUV,15083,725,0,Single,1307.97
33,Urban,4,15,SUV,15733,702,1,Married,2126.46
46,Suburban,3,28,Sedan,11965,643,0,Married,1193.41
20,Urban,1,2,Truck,12064,671,0,Single,1485.39
37,Urban,1,19,Sedan,14494,663,1,Married,1435.3
53,Rural,4,35,SUV,8015,614,1,Single,1816.93
36,Rural,1,18,Truck,17837,631,0,Married,1176.01
43,Urban,1,25,Sedan,19141,689,1,Single,1593.95
20,Urban,1,2,Sedan,11497,771,0,Married,1194.44
36,Suburban,3,18,Truck,12406,673,2,Married,1973.81
37,Urban,1,19,Sedan,18973,662,1,Married,1368.56
49,Urban,2,31,SUV,13507,640,1,Single,1470.31
24,Urban,5,6,Sedan,16352,701,0,Single,1779.72
69,Suburban,1,51,SUV,13630,758,2,Married,1410.14
58,Suburban,2,40,Sedan,20225,800,0,Single,866.86
50,Urban,5,32,Sedan,15960,714,0,Married,1459.53
57,Urban,1,39,SUV,16190,706,0,Married,1254.0
56,Urban,4,38,Sedan,16265,672,0,Married,1524.26
35,Suburban,4,17,Sedan,11779,681,0,Single,1441.41
57,Urban,1,39,Sedan,12147,731,1,Married,1277.73
18,Urban,2,0,Sedan,17076,684,1,Married,1658.72
28,Suburban,3,10,Sedan,14505,691,0,Married,1381.48
45,Urban,6,27,Sedan,9289,698,0,Single,1817.12
74,Suburban,0,56,Sports,21492,670,0,Single,1232.21
42,Urban,4,24,Sedan,17912,696,2,Single,2081.31
67,Urban,3,49,SUV,14150,599,0,Single,1718.34
40,Urban,1,22,Sedan,12905,727,0,Married,963.14
48,Suburban,4,30,Sedan,14794,817,2,Married,1772.05
47,Rural,1,29,Sports,16070,672,1,Single,1793.45
59,Rural,2,41,Sedan,5867,718,0,Married,746.52
52,Urban,1,34,Sports,22449,742,0,Single,1613.7
24,Suburban,4,6,Sedan,10840,764,2,Single,1806.4
33,Urban,3,15,Truck,13992,686,0,Single,1508.21
43,Urban,6,25,SUV,14139,609,0,Single,2063.08
65,Rural,1,47,Truck,21987,713,0,Married,1040.16
74,Urban,2,56,SUV,13647,706,1,Single,1505.8
69,Urban,1,51,SUV,20354,682,2,Married,1857.27
66,Urban,2,48,Sedan,15626,693,0,Married,1100.15
19,Urban,3,1,Sedan,10152,707,0,Married,1619.14
18,Urban,3,0,Sports,14538,718,1,Single,2172.84
65,Suburban,0,47,Sedan,13525,715,1,Single,1050.58
29,Urban,1,11,Sedan,9663,689,0,Single,1220.19
22,Rural,1,4,Truck,15430,719,2,Single,1741.52
54,Rural,4,36,Sedan,14088,685,0,Single,1274.17
49,Urban,1,31,Sports,16225,732,2,Married,1812.9
72,Urban,4,54,Truck,14773,668,0,Married,1311.18
26,Urban,0,8,SUV,11395,703,0,Married,1268.68
58,Suburban,3,40,Truck,17073,618,1,Married,1506.37
52,Urban,1,34,Sedan,11502,681,0,Single,1138.15
36,Suburban,2,18,Sedan,5000,728,1,Single,1372.16
65,Urban,4,47,SUV,14514,648,0,Married,1588.43
33,Suburban,2,15,Sedan,11783,683,0,Married,1116.13
20,Urban,1,2,Truck,15528,579,1,Married,2012.43
37,Urban,1,19,Sports,21995,631,1,Married,2261.15
41,Rural,2,23,SUV,22110,644,0,Single,1442.36
71,Suburban,1,53,Sedan,13339,705,0,Single,845.64
73,Urban,2,55,Sports,10693,716,0,Single,1362.57
50,Rural,1,32,SUV,16338,697,0,Single,1122.61
41,Urban,2,23,SUV,12519,680,2,Single,1917.83
69,Rural,0,51,Sedan,15567,681,0,Married,656.55
28,Suburban,1,10,Sports,11356,735,0,Married,1554.41
66,Urban,4,48,SUV,15002,710,1,Married,1946.59
25,Urban,3,7,Truck,10752,683,0,Married,1456.77
53,Urban,2,35,Truck,18737,764,0,Married,1240.67
55,Suburban,2,37,Sedan,11640,797,0,Single,761.05
57,Suburban,1,39,SUV,16644,637,0,Single,1367.36
37,Urban,5,19,Truck,8940,726,0,Married,1590.33
52,Urban,0,34,Sedan,17124,850,0,Single,621.54
65,Rural,2,47,Truck,10134,714,1,Single,1214.83
42,Rural,3,24,Sports,15044,705,0,Single,1766.59
52,Suburban,1,34,SUV,18092,697,0,Single,1246.24
42,Urban,2,24,Truck,13200,724,0,Married,1336.48
46,Urban,4,28,Truck,9883,737,0,Single,1495.66
35,Urban,3,17,Truck,15987,637,0,Married,1805.79
63,Rural,2,45,Sedan,10636,698,0,Married,761.12
35,Urban,1,17,Sedan,12383,586,0,Single,1335.56
19,Suburban,3,1,SUV,15061,689,0,Single,1605.15
71,Urban,2,53,SUV,19442,654,0,Single,1215.84
52,Suburban,1,34,SUV,14106,716,1,Single,1308.75
33,Suburban,0,15,Truck,14091,617,0,Married,1332.64
58,Rural,0,40,Sedan,16950,674,0,Married,835.91
53,Urban,2,35,SUV,14201,748,0,Married,1321.45
50,Urban,0,32,Sedan,16542,666,0,Single,1063.78
21,Urban,1,3,Truck,18314,604,0,Married,1673.04
50,Rural,0,32,SUV,12689,712,1,Married,1042.28
31,Rural,0,13,Sedan,5000,670,0,Married,791.05
38,Suburban,2,20,Sedan,10728,690,2,Married,1681.12
65,Suburban,2,47,Truck,18834,663,0,Married,1235.76
37,Suburban,4,19,SUV,13864,798,0,Married,1476.98
73,Urban,4,55,Sedan,12643,622,0,Married,1338.81
25,Rural,0,7,Sports,18667,841,0,Single,1180.76
24,Urban,2,6,Truck,13594,680,0,Married,1847.69
20,Urban,1,2,Sports,5629,709,1,Single,1921.61
34,Suburban,2,16,SUV,7978,671,0,Single,1372.48
50,Urban,1,32,SUV,15674,669,0,Married,1278.29
65,Urban,0,47,Truck,13732,660,1,Married,1200.86
29,Suburban,4,11,SUV,19818,730,0,Single,1687.19
68,Urban,4,50,Truck,11066,629,0,Single,1487.77
39,Suburban,1,21,Sedan,12761,718,0,Single,834.37
72,Urban,1,54,SUV,10461,590,0,Married,1008.98
39,Urban,3,21,Sedan,11917,713,0,Married,1293.57
63,Urban,6,45,Sedan,6432,742,0,Married,1420.19
47,Urban,1,29,Sedan,12457,636,0,Married,1152.93
55,Suburban,1,37,Sedan,13792,733,0,Single,1035.19
55,Urban,3,37,Sports,13454,702,1,Married,1770.57
62,Suburban,3,44,Sedan,22598,779,0,Single,1059.34
68,Urban,1,50,SUV,21333,657,0,Married,1412.5
71,Suburban,2,53,Truck,10996,840,0,Married,790.05
25,Rural,2,7,SUV,5824,580,1,Married,1745.84
44,Suburban,1,26,Sedan,13603,683,0,Single,1252.67
44,Urban,2,26,Truck,15506,615,0,Single,1428.71
51,Urban,2,33,SUV,10558,792,2,Single,1642.44
38,Urban,2,20,Truck,10756,686,0,Married,1341.1
47,Suburban,2,29,Truck,20330,691,0,Married,1136.99
50,Urban,2,32,Sports,12969,722,0,Single,1520.5
45,Urban,1,27,SUV,16649,699,1,Married,1649.34
64,Suburban,1,46,Sedan,10278,670,0,Married,911.23
50,Urban,5,32,SUV,13772,637,1,Single,2112.99
22,Suburban,3,4,Sedan,12654,708,0,Married,1374.26
65,Urban,3,47,Truck,11298,718,1,Married,1416.86
36,Urban,1,18,Sedan,18621,734,2,Married,1837.24
21,Suburban,2,3,Sedan,8444,795,2,Single,1556.43
52,Urban,7,34,Truck,15200,591,0,Single,2094.91
66,Suburban,2,48,SUV,12579,696,1,Single,1373.02
34,Urban,2,16,Sedan,15659,759,0,Single,1410.56
61,Urban,3,43,SUV,12633,693,2,Single,1969.14
45,Rural,0,27,Truck,17468,583,0,Married,997.99
47,Suburban,2,29,Sedan,10241,635,0,Married,1046.36
46,Suburban,2,28,Truck,18630,716,0,Married,1335.34
63,Urban,2,45,Sedan,13884,714,0,Single,1066.83
70,Suburban,1,52,Truck,8685,733,1,Married,995.26
23,Urban,2,5,Truck,16720,660,0,Married,1718.36
52,Urban,1,34,Sedan,13204,712,0,Married,1052.81
58,Rural,2,40,SUV,7168,652,1,Married,1310.77
54,Urban,2,36,Sedan,15329,712,0,Married,1247.92
41,Rural,5,23,Truck,18026,702,0,Married,1551.88
46,Urban,2,28,SUV,19128,658,0,Single,1678.77
66,Urban,2,48,SUV,12486,777,0,Married,1004.99
63,Suburban,1,45,Sedan,14581,614,0,Single,1079.41
70,Rural,1,52,Sedan,14202,692,0,Single,878.41
48,Suburban,0,30,Sedan,19959,657,0,Single,892.16
52,Rural,0,34,Sedan,10758,791,0,Single,524.54
50,Suburban,2,32,SUV,12141,729,0,Single,1292.84
69,Suburban,4,51,Truck,10661,667,0,Single,1403.14
38,Rural,2,20,SUV,8203,686,0,Single,1162.9
49,Urban,5,31,SUV,14991,793,0,Married,1519.9
40,Urban,1,22,Sports,20405,652,0,Single,1823.67
50,Urban,1,32,Truck,13206,611,1,Married,1669.94
20,Rural,2,2,Sports,10472,714,0,Single,1449.61
35,Rural,0,17,SUV,14747,715,0,Married,898.31
42,Urban,0,24,Sedan,16356,733,2,Married,1532.37
59,Suburban,4,41,Sedan,13374,733,0,Married,1272.05
48,Rural,3,30,Truck,19614,788,0,Married,1158.3
71,Urban,1,53,Sedan,10750,614,0,Single,1060.18
20,Suburban,2,2,Sedan,12852,639,0,Married,1343.27
57,Rural,0,39,SUV,15183,733,1,Married,860.78
63,Urban,0,45,SUV,15571,644,1,Married,1321.17
41,Suburban,1,23,SUV,14188,627,2,Married,1820.64
67,Urban,2,49,Sedan,8886,793,0,Single,820.21
49,Rural,2,31,Sedan,23352,619,0,Married,1153.92
64,Rural,1,46,SUV,13056,682,0,Single,749.28
39,Rural,0,21,Sports,14441,697,0,Married,1207.71
40,Urban,3,22,Truck,16467,765,0,Single,1529.27
19,Rural,3,1,Sports,11453,606,0,Married,1996.41
44,Rural,3,26,Truck,14227,720,1,Single,1610.18
59,Urban,5,41,SUV,11291,655,1,Single,1833.27
19,Rural,2,1,Sedan,15662,731,1,Married,1361.06
43,Urban,2,25,SUV,12895,654,0,Married,1508.09
34,Suburban,3,16,SUV,15074,778,1,Married,1710.62
57,Urban,2,39,SUV,9813,654,1,Single,1590.21
50,Urban,2,32,SUV,10684,576,0,Single,1284.85
26,Urban,2,8,SUV,8539,660,0,Married,1433.4
60,Suburban,6,42,Sedan,11157,686,1,Married,1725.39
71,Urban,4,53,SUV,5000,754,1,Married,1504.72
65,Suburban,1,47,Sedan,12771,637,0,Married,1012.8
56,Urban,6,38,Truck,11863,638,0,Married,1807.37
46,Urban,1,28,Sedan,14603,748,1,Single,1332.12
59,Suburban,3,41,Sedan,14178,631,0,Married,1262.66
72,Suburban,1,54,SUV,19028,691,0,Married,1111.48
43,Urban,3,25,SUV,24377,692,0,Single,1724.94
52,Suburban,4,34,SUV,18550,710,0,Married,1533.82
67,Rural,3,49,Sedan,12187,662,0,Married,986.97
42,Suburban,3,24,SUV,12026,653,1,Single,1733.02
41,Urban,2,23,Sedan,17474,716,0,Single,1348.57
30,Urban,4,12,Sports,7266,655,2,Single,2493.24
24,Rural,4,6,Sports,12739,632,0,Married,1969.17
74,Urban,1,56,SUV,13047,761,1,Single,1316.48
53,Rural,2,35,Sedan,16336,724,0,Single,1001.56
62,Suburban,2,44,Truck,16455,788,0,Married,943.93
37,Rural,2,19,Sedan,11021,739,0,Married,1089.18
18,Suburban,2,0,SUV,12342,636,1,Married,1690.51
25,Rural,2,7,Sedan,15780,704,1,Married,1362.56
63,Urban,4,45,Sports,10804,649,0,Married,1798.14
33,Suburban,1,15,Sedan,18824,617,0,Married,1364.5
31,Urban,1,13,SUV,16436,677,0,Married,1328.53
29,Urban,1,11,Truck,14686,749,0,Married,1246.51
68,Suburban,2,50,SUV,15563,713,0,Single,1049.34
40,Rural,1,22,Sedan,12132,630,1,Married,1238.31
32,Rural,1,14,Sports,11494,675,0,Single,1518.27
45,Suburban,3,27,SUV,12301,692,1,Single,1717.17
51,Urban,2,33,SUV,15999,615,1,Single,1747.57
19,Urban,1,1,Sedan,14804,735,0,Single,1232.96
49,Suburban,1,31,SUV,12309,688,0,Married,995.67
40,Urban,3,22,SUV,16998,630,0,Married,1841.99
39,Urban,0,21,Sedan,13304,627,0,Married,1206.27
68,Urban,2,50,Sedan,11226,755,1,Married,1111.22
42,Urban,3,24,Truck,15017,680,1,Married,1851.21
39,Urban,0,21,Sedan,9947,759,0,Single,891.68
39,Urban,3,21,Sedan,7251,778,0,Married,1161.05
66,Urban,2,48,SUV,13979,751,1,Married,1438.71
69,Urban,3,51,Truck,11370,673,0,Single,1194.9
59,Rural,2,41,Sedan,12983,575,1,Married,1315.87
23,Urban,2,5,SUV,10133,715,1,Single,1747.64
32,Urban,3,14,Sedan,18835,804,2,Single,1830.58
71,Suburban,2,53,Sedan,11354,698,0,Single,962.22
60,Urban,3,42,Sedan,12272,600,0,Single,1550.99
54,Rural,2,36,Truck,15511,666,1,Married,1316.24
50,Suburban,0,32,Sedan,8493,690,0,Married,625.88
25,Urban,1,7,Sedan,8197,645,1,Single,1325.28
70,Urban,3,52,SUV,15523,571,0,Married,1511.3
61,Rural,2,43,Truck,12220,695,0,Married,926.48
61,Rural,3,43,Sedan,10394,660,0,Single,1058.7
22,Urban,1,4,SUV,16413,788,0,Single,1371.45
56,Suburban,2,38,Sedan,10752,705,1,Married,1085.46
21,Urban,0,3,SUV,12901,723,2,Married,1609.53
23,Rural,1,5,SUV,10415,694,0,Married,1230.82
62,Urban,1,44,SUV,15213,704,1,Single,1409.74
49,Rural,0,31,Sedan,19328,617,0,Married,929.84
69,Suburban,4,51,Sedan,6555,647,1,Single,1240.11
47,Suburban,6,29,Sedan,14450,754,1,Single,1826.89
64,Suburban,4,46,Sedan,17426,710,1,Married,1641.58
52,Urban,3,34,Sedan,12314,680,1,Single,1586.51
72,Urban,1,54,Truck,9475,724,0,Single,815.38
57,Urban,4,39,Sports,15683,725,0,Single,1776.2
69,Urban,2,51,Sports,18006,799,0,Single,1222.98
33,Suburban,3,15,Truck,17562,708,0,Married,1603.23
30,Urban,2,12,SUV,15463,646,0,Married,1621.13
67,Urban,0,49,Truck,14391,694,0,Single,762.05
59,Rural,2,41,Sedan,10403,730,0,Single,798.98
47,Rural,2,29,SUV,17460,749,0,Single,1198.73
36,Rural,3,18,SUV,17239,619,1,Married,1768.78
34,Rural,1,16,SUV,9447,712,1,Single,1294.12
73,Urban,0,55,Truck,15457,655,0,Married,842.91
36,Urban,1,18,Sedan,16611,671,0,Single,1331.32
45,Suburban,3,27,Sedan,17528,742,0,Single,1185.07
72,Suburban,1,54,Sports,13700,737,2,Married,1428.36
43,Urban,1,25,Sedan,10569,666,0,Married,1098.41
54,Rural,2,36,SUV,11991,692,0,Single,1197.98
43,Urban,5,25,Sports,9971,673,0,Married,1957.37
70,Urban,4,52,SUV,13795,844,0,Married,1384.72
40,Suburban,2,22,SUV,13012,713,0,Married,1338.58
26,Suburban,2,8,Sedan,22580,658,1,Married,1767.58
29,Suburban,5,11,Sedan,17578,766,2,Married,2069.83
70,Urban,1,52,Truck,17878,767,1,Married,1220.84
18,Rural,2,0,SUV,15885,789,1,Single,1524.43
18,Urban,1,0,SUV,12530,804,0,Married,1277.72
64,Urban,3,46,Sedan,12898,735,2,Married,1692.06
51,Rural,0,33,Sedan,13264,682,1,Single,924.38
49,Rural,0,31,Sports,14752,689,0,Single,1088.19
71,Rural,2,53,Sedan,15556,685,0,Single,765.52
65,Rural,1,47,SUV,14002,679,0,Married,1146.1
42,Suburban,1,24,Sedan,12837,761,1,Married,1238.09
57,Suburban,2,39,SUV,11623,700,0,Married,1188.79
62,Urban,1,44,Sports,8429,748,0,Single,1122.68
70,Urban,2,52,SUV,19133,733,0,Married,1279.83
18,Urban,2,0,Sedan,22822,645,1,Married,1909.17
33,Urban,3,15,SUV,18797,614,0,Single,1828.37
56,Suburban,3,38,Truck,8963,638,0,Married,1191.78
22,Urban,1,4,SUV,17148,678,0,Married,1550.25
39,Urban,1,21,Truck,18095,706,0,Married,1278.04
46,Urban,1,28,SUV,12386,667,0,Married,1210.73
72,Suburban,2,54,Truck,15955,735,1,Married,1324.24
20,Urban,2,2,SUV,12174,673,0,Single,1449.34
29,Rural,1,11,Sedan,20115,712,0,Married,1178.2
43,Urban,1,25,Sedan,15461,705,1,Single,1468.86
33,Urban,3,15,Sedan,10331,786,1,Single,1434.0
68,Suburban,1,50,Sports,16679,651,1,Single,1517.65
54,Rural,5,36,Truck,18235,810,0,Married,1304.22
39,Urban,2,21,SUV,14792,670,0,Single,1523.08
74,Suburban,3,56,Sedan,15917,632,0,Single,1143.47
46,Suburban,0,28,Sedan,13720,689,2,Single,1447.66
31,Urban,3,13,Truck,9462,850,3,Married,2205.23
45,Rural,0,27,SUV,13393,744,0,Married,824.12
22,Suburban,4,4,Sedan,16092,730,0,Married,1378.86
64,Suburban,1,46,SUV,13487,739,1,Married,1284.4
66,Rural,2,48,Sedan,17203,661,0,Married,1146.88
47,Rural,3,29,Sedan,12431,716,0,Single,1135.74
63,Suburban,1,45,SUV,12693,700,0,Married,897.62
69,Rural,0,51,Sedan,17324,790,1,Single,760.47
22,Suburban,2,4,Sports,14887,694,1,Single,1884.45
29,Suburban,2,11,Sedan,12353,681,0,Single,1336.08
33,Suburban,2,15,Sedan,18135,641,0,Married,1251.4
43,Suburban,0,25,Sedan,11245,707,0,Married,834.16
43,Urban,3,25,Truck,11092,714,0,Married,1310.95
65,Rural,5,47,SUV,5000,639,0,Single,1359.18
38,Rural,1,20,SUV,11784,722,1,Married,1273.13
56,Urban,2,38,Sedan,19234,711,1,Single,1481.69
53,Rural,2,35,Sedan,5710,750,0,Single,778.89
50,Urban,6,32,SUV,10192,760,0,Single,1584.21
47,Urban,1,29,Truck,15756,704,0,Married,1287.03
54,Suburban,2,36,Truck,5020,648,0,Single,1106.42
40,Urban,1,22,Sedan,11957,658,0,Married,1093.5
27,Rural,1,9,SUV,18563,788,0,Married,1374.54
71,Rural,2,53,Sports,22172,708,0,Married,1390.22
22,Suburban,0,4,Sedan,15160,787,0,Married,955.57
53,Urban,4,35,Truck,10294,724,1,Single,1815.93
51,Urban,2,33,Sedan,10159,737,0,Single,1263.07
69,Suburban,3,51,Sports,14579,746,1,Married,1643.15
48,Rural,1,30,Truck,15123,638,1,Married,1390.58
27,Suburban,1,9,Sports,21431,715,0,Married,1554.16
36,Urban,3,18,SUV,17883,638,1,Married,1968.53
49,Suburban,2,31,Sedan,14336,685,2,Single,1615.63
18,Suburban,2,0,Sports,12659,732,0,Single,1706.37
73,Suburban,0,55,Sedan,26058,648,0,Married,968.15
22,Urban,1,4,Sedan,16506,727,0,Single,1357.07
62,Suburban,2,44,Truck,11324,625,0,Single,1200.12
21,Suburban,0,3,Truck,13101,757,0,Married,971.94
33,Rural,4,15,Sports,10490,666,0,Single,1680.5
41,Urban,5,23,Sedan,5000,648,0,Married,1520.36
33,Suburban,0,15,Truck,15250,628,1,Married,1444.53
72,Rural,0,54,Truck,21129,671,2,Married,1439.51
19,Urban,6,1,Sedan,7477,604,1,Single,2107.86
66,Rural,0,48,Sedan,14221,672,1,Single,891.57
45,Suburban,1,27,Sedan,11172,754,0,Married,991.88
49,Urban,0,31,Sedan,16086,690,0,Single,984.3
44,Urban,3,26,Sports,13310,641,0,Single,1892.19
37,Suburban,2,19,SUV,8559,711,0,Single,1241.93
41,Urban,3,23,Truck,10075,706,0,Single,1449.8
29,Suburban,5,11,Sports,10678,797,0,Single,1809.82
67,Urban,5,49,Sedan,19377,739,0,Married,1512.86
52,Suburban,2,34,Truck,19173,715,0,Single,1084.59
50,Urban,3,32,SUV,12754,745,0,Single,1347.48
50,Rural,6,32,Truck,18911,693,0,Married,1693.82
68,Rural,3,50,Sedan,13307,696,0,Married,1024.97
60,Rural,2,42,Sports,12693,782,1,Single,1576.69
54,Suburban,3,36,Sedan,14228,618,1,Single,1525.32
29,Urban,1,11,Sedan,15139,748,1,Married,1591.03
20,Suburban,1,2,Truck,11778,694,0,Married,1229.77
18,Urban,4,0,Sedan,14087,685,0,Married,1852.67
50,Urban,0,32,SUV,17149,672,0,Married,1280.98
57,Urban,6,39,SUV,14518,707,0,Single,1679.92
27,Urban,2,9,Truck,14171,697,0,Married,1521.77
60,Suburban,3,42,Sedan,15976,679,1,Single,1446.02
61,Suburban,2,43,Sedan,16666,664,0,Married,1168.55
46,Urban,0,28,Sedan,13749,604,1,Married,1359.91
30,Urban,1,12,SUV,12103,663,1,Married,1636.32
29,Rural,4,11,Sedan,14756,674,1,Single,1845.25
48,Urban,3,30,Sedan,7624,707,2,Single,1719.99
63,Urban,3,45,Sedan,13158,798,0,Married,1139.01
19,Urban,5,1,Sedan,5000,669,0,Married,1696.96
68,Suburban,1,50,SUV,7296,648,1,Married,1380.11
67,Suburban,4,49,Truck,6695,664,0,Single,1180.59
52,Urban,1,34,Sedan,18189,707,0,Single,1054.92
40,Urban,1,22,SUV,14055,729,0,Married,1419.78
34,Suburban,1,16,SUV,8951,736,0,Single,1083.77
43,Suburban,0,25,SUV,15964,741,1,Married,1444.07
25,Urban,1,7,Truck,17954,748,1,Married,1706.49
46,Rural,4,28,SUV,16033,686,0,Married,1458.03
43,Urban,2,25,SUV,13245,802,0,Married,1060.35
27,Urban,1,9,Sedan,14929,682,0,Married,1303.0
43,Rural,1,25,SUV,17605,705,2,Single,1642.74
51,Urban,1,33,SUV,12123,764,0,Married,1214.57
68,Suburban,2,50,Sedan,14119,728,0,Single,1074.63
58,Urban,2,40,Sedan,12971,587,3,Married,1971.57
24,Urban,0,6,Sports,7546,700,0,Single,1551.31
21,Rural,2,3,SUV,17666,743,0,Married,1449.03
70,Urban,1,52,SUV,22229,632,0,Single,1402.78
67,Rural,2,49,Sports,10504,737,0,Single,1205.93
62,Urban,2,44,Truck,17850,719,0,Married,1039.0
28,Urban,0,10,SUV,10632,759,0,Single,1131.44
46,Urban,2,28,Truck,14531,665,2,Married,1776.89
73,Suburban,0,55,Truck,20032,749,0,Married,772.72
53,Urban,3,35,SUV,11918,707,0,Single,1502.27
42,Rural,4,24,SUV,13941,788,1,Married,1601.63
38,Urban,4,20,Sedan,6793,839,1,Single,1584.2
74,Rural,3,56,Sports,11343,776,0,Single,1208.32
53,Urban,3,35,SUV,6374,724,0,Single,1165.78
27,Rural,2,9,Sedan,15716,816,0,Married,783.66
54,Suburban,0,36,Truck,17326,730,0,Single,947.77
26,Suburban,2,8,SUV,13113,654,1,Married,1726.3
41,Rural,3,23,Sedan,15143,698,0,Married,1114.45
52,Suburban,1,34,SUV,12697,738,0,Married,867.39
66,Suburban,2,48,SUV,16962,741,1,Single,1281.46
52,Urban,1,34,Truck,14517,643,1,Married,1487.81
65,Urban,1,47,Sedan,6057,645,0,Married,989.94
53,Rural,2,35,Truck,17759,682,0,Married,1178.25
35,Suburban,3,17,SUV,12441,726,1,Married,1838.42
66,Suburban,2,48,Sedan,8918,733,1,Married,992.71
56,Urban,0,38,Sports,12244,707,0,Single,1363.27
49,Urban,3,31,SUV,6391,658,1,Married,1681.59
41,Urban,2,23,Sedan,9000,786,0,Single,1137.47
40,Suburban,2,22,SUV,14571,646,1,Single,1625.91
49,Urban,0,31,Truck,14906,765,1,Married,1341.26
54,Urban,4,36,Sedan,15225,736,0,Single,1401.9
29,Urban,2,11,Sedan,14012,764,0,Single,1204.24
66,Urban,2,48,Sedan,11228,677,1,Married,1313.72
72,Suburban,1,54,Sedan,13782,692,2,Single,1288.77
30,Urban,2,12,Truck,12251,702,0,Married,1479.68
40,Suburban,2,22,SUV,7496,676,0,Married,1150.46
42,Urban,2,24,Sedan,10910,711,0,Married,1198.21
52,Urban,4,34,Sedan,17558,778,0,Married,1399.9
58,Urban,0,40,Sedan,20353,635,0,Single,1092.1
47,Urban,1,29,Sports,16605,667,4,Single,2727.27
34,Urban,4,16,Sedan,20174,661,1,Single,2046.51
66,Urban,0,48,Sports,14341,695,0,Single,1243.87
37,Suburban,0,19,SUV,20969,693,1,Married,1500.7
65,Urban,3,47,Sedan,22217,738,0,Married,1295.82
42,Suburban,0,24,Truck,7066,701,2,Single,1458.82
39,Rural,1,21,SUV,14885,715,1,Single,1176.21
30,Suburban,0,12,Truck,14345,719,0,Single,1066.52
36,Urban,1,18,Sports,12303,712,1,Single,1650.1
66,Urban,2,48,Sedan,15967,735,1,Married,1426.83
53,Urban,2,35,Sedan,14164,693,0,Single,1182.88
29,Urban,1,11,Truck,11058,782,1,Married,1411.54
58,Rural,2,40,Sedan,13893,827,0,Single,833.57
36,Urban,3,18,Sedan,18818,735,1,Single,1744.0
29,Urban,0,11,Sedan,14730,711,1,Married,1259.59
26,Suburban,3,8,Sedan,16507,731,0,Married,1396.01
24,Suburban,1,6,Truck,12891,644,0,Married,1321.85
45,Suburban,4,27,Sedan,15808,709,0,Married,1219.17
31,Urban,5,13,SUV,9163,663,0,Single,1775.92
48,Urban,1,30,SUV,12001,725,0,Single,1160.16
69,Suburban,1,51,SUV,13589,663,0,Married,1015.84
36,Urban,4,18,Sedan,8894,682,0,Married,1354.19
64,Urban,1,46,Truck,10679,606,0,Married,1274.35
33,Urban,1,15,Sedan,15252,641,0,Single,1313.07
70,Urban,3,52,Truck,14519,717,0,Married,1246.04
22,Urban,2,4,Truck,17225,656,1,Single,1928.44
52,Urban,0,34,SUV,11597,753,1,Married,1149.65
29,Suburban,1,11,SUV,14230,652,1,Married,1669.09
42,Suburban,2,24,SUV,11312,722,1,Single,1453.97
69,Rural,1,51,Sedan,16824,661,3,Married,1489.2
38,Urban,4,20,Truck,18762,719,0,Single,1736.27
53,Urban,3,35,Truck,15933,623,0,Married,1689.66
70,Urban,0,52,Sedan,18244,677,0,Single,970.64
40,Suburban,2,22,SUV,14129,657,1,Married,1738.73
33,Suburban,4,15,Sports,17222,744,0,Single,1806.27
74,Urban,2,56,Sports,14301,723,0,Married,1218.25
56,Rural,1,38,SUV,9900,638,0,Married,1162.51
62,Urban,2,44,SUV,14986,689,0,Married,1490.74
70,Suburban,2,52,Sedan,10018,661,1,Single,1343.05
59,Suburban,2,41,Sports,23356,747,0,Married,1464.26
56,Rural,1,38,Sedan,12663,763,0,Single,601.98
31,Suburban,0,13,SUV,16580,627,0,Married,1203.63
48,Rural,3,30,Sedan,13950,741,0,Single,905.38
22,Urban,6,4,Sedan,9065,658,1,Married,2132.24
52,Rural,1,34,SUV,6405,687,1,Single,1330.14
40,Urban,2,22,Sports,16996,701,0,Single,1709.27
46,Rural,2,28,Sedan,20197,790,3,Single,1770.19
60,Suburban,2,42,SUV,11060,649,3,Single,2089.96
28,Rural,2,10,Sedan,7373,741,2,Single,1474.69
35,Urban,2,17,Sedan,12699,641,0,Married,1592.54
64,Suburban,1,46,SUV,10251,637,1,Married,1505.47
29,Suburban,4,11,SUV,11398,701,0,Married,1604.36
26,Suburban,3,8,Sedan,16441,701,0,Married,1389.36
27,Urban,0,9,Sedan,13798,558,1,Single,1673.69
61,Urban,2,43,Sedan,10681,757,0,Married,941.96
34,Urban,2,16,Sedan,16354,593,1,Single,1658.15
55,Urban,3,37,Sports,16667,692,0,Married,1860.13
24,Rural,1,6,Sports,12651,766,2,Single,1990.41
63,Urban,2,45,Sedan,14551,810,0,Single,954.82
30,Rural,0,12,SUV,16082,681,0,Single,1003.44
57,Urban,3,39,Sports,15704,628,0,Married,1674.61
59,Urban,3,41,Sedan,14162,764,0,Single,1165.15
26,Suburban,2,8,Truck,19730,743,2,Married,1863.46
67,Suburban,0,49,Sports,16330,675,0,Single,1162.34
44,Urban,3,26,Sedan,12197,669,0,Married,1489.65
19,Suburban,2,1,Sedan,12221,664,0,Married,1448.63
22,Suburban,4,4,Sports,11767,682,0,Single,2095.32
46,Urban,1,28,SUV,16528,715,2,Married,1678.36
54,Rural,3,36,Sedan,11509,671,1,Married,1309.82
55,Rural,2,37,Sedan,12300,678,1,Married,1293.4
36,Suburban,4,18,SUV,18232,732,0,Married,1662.29
25,Urban,0,7,SUV,14766,625,1,Married,1837.23
65,Suburban,2,47,Truck,18794,681,1,Married,1472.46
62,Urban,1,44,Sports,17192,616,0,Single,1742.69
18,Urban,1,0,Sedan,9293,705,0,Married,1311.9
39,Urban,1,21,SUV,13591,603,0,Single,1563.58
69,Urban,0,51,SUV,17959,744,1,Single,1169.03
34,Rural,1,16,SUV,9111,634,1,Married,1435.09
24,Suburban,2,6,Sedan,15678,611,1,Single,1807.76
42,Suburban,3,24,Sports,13843,681,1,Single,2121.44
62,Urban,5,44,Truck,6980,785,0,Married,1404.12
21,Urban,3,3,SUV,14478,735,0,Married,1648.35
53,Urban,2,35,SUV,10650,603,0,Married,1558.98
23,Rural,4,5,Sedan,9329,632,0,Married,1268.74
48,Urban,3,30,SUV,14036,680,1,Married,1624.32
36,Rural,2,18,SUV,6276,811,0,Single,1047.8
61,Suburban,1,43,SUV,11302,653,1,Single,1323.44
71,Urban,1,53,Sports,24204,653,0,Married,1596.11
56,Suburban,4,38,SUV,16600,776,0,Single,1373.44
44,Urban,5,26,Sedan,10474,709,1,Married,1848.7
27,Rural,1,9,Truck,19616,752,0,Married,1088.8
43,Rural,3,25,Sedan,10031,663,0,Single,1229.01
36,Urban,2,18,Sedan,11785,694,1,Married,1637.22
56,Urban,1,38,Sedan,9404,765,1,Married,1237.62
20,Suburban,2,2,SUV,15024,692,0,Married,1718.72
62,Rural,1,44,Truck,19474,756,0,Married,906.52
30,Urban,2,12,SUV,10003,719,0,Married,1448.94
67,Suburban,1,49,Truck,5758,648,0,Single,746.05
45,Suburban,0,27,SUV,18363,699,0,Married,1063.8
37,Suburban,2,19,Sedan,20215,749,0,Married,1204.42
45,Urban,1,27,Truck,6019,733,1,Married,1405.82
25,Suburban,2,7,Sedan,15840,697,1,Married,1521.0
58,Rural,3,40,Sedan,14906,605,0,Married,1291.72
56,Urban,0,38,SUV,10850,610,0,Single,1149.59
18,Urban,0,0,Sedan,8422,620,0,Married,1234.61
20,Rural,2,2,Sedan,17967,674,0,Married,1363.39
30,Urban,1,12,SUV,14716,681,0,Single,1390.12
45,Rural,2,27,SUV,15017,626,2,Single,1773.35
74,Urban,3,56,SUV,11512,751,2,Married,1493.7
66,Urban,2,48,Sports,10792,636,1,Married,1745.08
42,Rural,3,24,SUV,5000,631,0,Married,1254.5
73,Urban,3,55,Truck,13087,704,0,Married,1164.71
50,Suburban,3,32,Sedan,19755,748,0,Married,1276.01
55,Urban,2,37,SUV,10438,802,0,Married,1169.43
70,Suburban,0,52,Truck,7910,729,0,Married,688.37
23,Urban,2,5,SUV,15742,778,3,Single,2324.67
61,Urban,2,43,Truck,16480,639,1,Married,1648.26
62,Rural,2,44,Sedan,11656,807,0,Married,678.83
49,Urban,3,31,Sedan,12604,606,0,Married,1401.77
62,Suburban,1,44,SUV,15055,674,1,Married,1370.11
64,Urban,2,46,Sedan,13377,728,1,Married,1344.03
38,Suburban,0,20,Truck,18000,619,0,Single,1377.28
33,Urban,0,15,Sedan,23748,653,1,Single,1681.84
71,Rural,2,53,Sports,7163,645,0,Single,1157.8
38,Urban,3,20,Sports,18919,684,0,Single,1903.58
28,Urban,1,10,Sedan,14421,771,0,Married,1222.92
54,Urban,1,36,Sedan,19552,700,1,Single,1488.08
53,Urban,4,35,Truck,16897,676,0,Single,1689.35
52,Suburban,1,34,Sports,14244,555,0,Married,1578.77
36,Urban,2,18,SUV,17040,723,1,Married,1597.7
37,Rural,0,19,Sedan,12423,739,1,Single,931.95
74,Urban,4,56,SUV,10902,614,0,Married,1507.79
35,Urban,3,17,SUV,17243,696,1,Married,1928.87
64,Suburban,2,46,Sedan,10622,709,0,Single,813.96
58,Suburban,2,40,Truck,16569,748,0,Single,1106.99
66,Urban,3,48,Sedan,14122,663,2,Married,1812.45
31,Urban,3,13,Sedan,5000,656,0,Married,1287.88
32,Urban,1,14,Sedan,11702,677,1,Married,1584.53
48,Suburban,3,30,Sedan,15339,764,1,Single,1372.33
18,Suburban,3,0,Sedan,12375,752,1,Single,1749.39
70,Urban,0,52,SUV,5000,698,0,Married,764.65
71,Rural,4,53,Sedan,19283,750,2,Single,1473.58
71,Rural,4,53,Sedan,14677,581,0,Single,1214.84
20,Suburban,2,2,Sedan,15774,739,1,Married,1548.6
33,Rural,2,15,Sports,12106,644,2,Single,2052.74
40,Urban,2,22,SUV,16125,788,3,Married,2058.27
74,Urban,0,56,SUV,21339,646,1,Married,1392.48
28,Urban,2,10,SUV,11059,657,0,Single,1529.27
29,Urban,2,11,Sports,20668,728,1,Married,2069.41
27,Suburban,3,9,Sedan,15594,732,0,Single,1208.99
49,Rural,0,31,SUV,10522,677,2,Married,1439.5
33,Urban,1,15,Truck,22849,718,1,Single,1662.81
25,Urban,3,7,SUV,15566,724,0,Single,1818.52
55,Urban,3,37,Sedan,16705,719,1,Married,1448.12
29,Rural,4,11,SUV,12922,679,0,Married,1392.5
41,Urban,0,23,Sedan,10814,725,0,Married,1008.52
45,Suburban,3,27,SUV,14671,770,0,Single,1349.72
70,Urban,1,52,Truck,20325,638,0,Single,1107.03
25,Urban,2,7,Sedan,12761,657,2,Married,1792.94
45,Rural,5,27,Truck,13892,701,1,Married,1900.62
53,Rural,0,35,Sedan,19825,647,0,Single,1044.29
43,Urban,1,25,Truck,12798,609,1,Married,1355.72
25,Rural,3,7,SUV,16041,754,0,Married,1373.79
67,Suburban,3,49,Sedan,17509,588,1,Married,1721.05
45,Rural,1,27,Sedan,13212,679,1,Married,1142.07
45,Urban,0,27,Sports,15239,737,0,Single,1314.02
54,Suburban,3,36,Sedan,16644,713,0,Married,1179.88
58,Urban,3,40,Sedan,12396,680,0,Single,1149.85
53,Suburban,0,35,Sedan,17263,645,0,Married,796.97
44,Urban,2,26,SUV,11812,717,0,Married,1444.93
71,Urban,0,53,SUV,11299,650,2,Married,1292.19
34,Urban,4,16,Sedan,7891,713,0,Married,1481.59
26,Suburban,0,8,Sedan,11986,707,0,Married,1099.95
50,Urban,2,32,Sedan,10737,707,2,Married,1495.43
70,Suburban,1,52,Sedan,12396,667,1,Married,1003.01
37,Rural,0,19,SUV,16447,801,0,Married,1020.52
30,Urban,1,12,Truck,7097,717,0,Married,1264.24
45,Suburban,2,27,Sedan,6101,686,0,Single,980.79
65,Urban,5,47,Sedan,11003,713,0,Single,1495.77
46,Rural,1,28,Sedan,15844,661,0,Single,1118.81
30,Urban,3,12,Sports,15155,680,1,Married,2204.23
63,Suburban,1,45,Sports,10939,819,0,Married,961.57
52,Rural,5,34,Truck,18677,661,0,Married,1531.31
23,Rural,2,5,Sedan,11366,696,0,Married,1211.13
35,Suburban,0,17,Sedan,15849,677,0,Married,1023.38
68,Urban,1,50,Sedan,12548,648,0,Single,1086.12
22,Suburban,2,4,Sedan,10524,721,0,Single,1087.38
64,Rural,0,46,SUV,11579,701,0,Single,610.76
42,Suburban,1,24,Truck,16936,745,0,Single,1138.63
19,Urban,3,1,Truck,15444,740,0,Married,1580.51
27,Rural,0,9,Truck,17872,745,1,Married,1221.88
73,Suburban,0,55,Sedan,15443,654,0,Married,589.84
47,Suburban,2,29,SUV,7555,732,0,Married,1131.28
67,Urban,2,49,Sedan,22457,733,0,Married,1136.08
62,Suburban,2,44,Sedan,15500,648,0,Single,1169.85
22,Urban,4,4,Truck,16058,684,0,Married,1825.76
72,Suburban,3,54,Sedan,12492,627,0,Single,1117.62
73,Urban,1,55,SUV,18452,733,0,Single,1180.98
50,Suburban,3,32,Sedan,9627,733,1,Single,1223.66
71,Rural,1,53,SUV,16439,771,0,Married,845.72
18,Urban,3,0,Truck,5681,688,0,Single,1402.1
35,Rural,3,17,Sedan,16708,722,2,Single,1663.78
49,Urban,2,31,Truck,9681,749,1,Married,1298.45
64,Rural,3,46,Sedan,15107,662,2,Married,1659.8
66,Suburban,2,48,SUV,19429,654,1,Single,1515.89
28,Suburban,3,10,Truck,17290,663,0,Single,1599.5
38,Suburban,1,20,SUV,18897,682,0,Married,1215.78
43,Rural,3,25,Sports,18483,656,1,Single,1929.28
42,Urban,2,24,Sedan,11902,666,0,Married,1207.18
39,Urban,4,21,SUV,16393,744,1,Married,1936.24
44,Suburban,3,26,SUV,7100,695,0,Single,1222.89
66,Rural,1,48,Sports,11252,715,0,Single,1221.26
30,Suburban,1,12,Sedan,19570,672,0,Single,1097.99
50,Suburban,2,32,Truck,12459,669,0,Single,1142.73
51,Urban,4,33,SUV,6527,714,0,Single,1616.63
58,Rural,2,40,Sedan,22054,706,2,Married,1504.3
52,Urban,3,34,SUV,16249,738,0,Single,1299.25
18,Suburban,1,0,Sedan,17057,765,0,Married,1206.26
38,Urban,2,20,SUV,10078,665,1,Married,1642.13
65,Urban,4,47,Truck,15136,743,0,Single,1288.95
72,Urban,4,54,SUV,15030,646,1,Single,1650.86
23,Urban,1,5,SUV,10714,803,0,Single,1519.05
45,Suburban,3,27,SUV,13320,660,1,Single,1684.64
34,Urban,0,16,Sedan,7998,734,0,Married,754.41
22,Urban,2,4,Sedan,12613,645,1,Single,1885.07
48,Urban,5,30,SUV,17895,692,1,Married,2107.53
22,Urban,1,4,Sedan,11012,777,4,Single,2067.03
55,Urban,2,37,Sedan,21629,659,0,Married,1242.62
20,Urban,2,2,SUV,8255,810,0,Married,1406.17
70,Suburban,0,52,Sedan,12959,699,2,Married,1161.19
40,Suburban,3,22,Sedan,11374,748,4,Single,1996.01
54,Suburban,1,36,SUV,13279,720,0,Single,1235.91
70,Urban,4,52,Sedan,19485,722,0,Married,1285.88
54,Urban,5,36,Sports,10062,628,0,Single,2126.49
27,Rural,3,9,Truck,12194,676,1,Single,1790.75
27,Suburban,2,9,Truck,16618,759,1,Married,1484.67
36,Urban,0,18,Sedan,14372,682,0,Married,1207.9
34,Urban,3,16,Truck,14700,706,0,Married,1484.36
38,Urban,1,20,Truck,10138,622,0,Married,1148.4
31,Urban,1,13,Truck,13713,673,0,Married,1325.74
26,Urban,1,8,Sedan,18526,756,0,Married,1295.65
63,Suburban,1,45,SUV,7561,635,0,Married,980.64
18,Suburban,2,0,Truck,11210,735,0,Married,1330.95
68,Suburban,2,50,SUV,6737,708,0,Married,1099.41
62,Suburban,1,44,SUV,16147,688,1,Single,1344.85
30,Rural,0,12,SUV,18901,686,0,Single,1080.19
21,Suburban,5,3,SUV,13266,675,0,Married,1938.69
18,Rural,0,0,Sedan,9977,679,1,Married,1256.92
66,Urban,0,48,SUV,10095,746,0,Single,602.26
57,Urban,1,39,Sedan,12811,678,1,Married,1332.0
49,Urban,1,31,SUV,12796,790,1,Single,1374.12
51,Suburban,3,33,Sedan,17647,714,0,Married,1247.72
45,Rural,1,27,SUV,11324,671,0,Married,1162.53
48,Urban,0,30,Sedan,15740,748,1,Married,1112.86
25,Rural,1,7,SUV,12778,731,0,Single,1198.82
56,Urban,4,38,Truck,11020,617,0,Married,1415.1
43,Rural,2,25,Sedan,12678,648,0,Single,1154.88
51,Urban,0,33,Sedan,15346,694,0,Single,1176.5
71,Urban,3,53,Sedan,17659,620,1,Single,1477.4
71,Urban,1,53,Truck,12992,804,0,Married,764.9
20,Urban,1,2,SUV,9184,741,0,Married,1265.26
67,Urban,0,49,SUV,17998,699,1,Single,1298.47
29,Urban,3,11,Sedan,10407,682,0,Married,1354.8
18,Rural,1,0,SUV,15043,670,0,Married,1388.77
71,Suburban,0,53,Truck,13900,601,1,Married,1273.68
61,Urban,2,43,Truck,13365,613,1,Married,1636.41
22,Suburban,3,4,SUV,12052,795,0,Single,1245.44
47,Suburban,1,29,Sedan,16480,778,1,Married,1273.72
47,Urban,5,29,Sedan,5000,671,2,Married,2086.24
74,Urban,3,56,Sedan,18545,745,1,Single,1461.69
34,Urban,3,16,Sedan,10349,725,1,Single,1643.02
65,Urban,4,47,Sedan,15631,731,0,Single,1319.98
64,Suburban,1,46,Sedan,15420,628,1,Single,1350.54
40,Urban,2,22,Sedan,19099,609,0,Married,1685.34
32,Suburban,2,14,Sports,14790,759,0,Married,1472.05
54,Suburban,2,36,SUV,10683,601,0,Married,1424.56
38,Urban,2,20,Truck,7580,692,0,Married,1303.08
31,Suburban,3,13,Truck,12604,681,0,Single,1466.59
19,Urban,3,1,Sedan,6167,676,0,Married,1332.85
28,Rural,2,10,Truck,11486,715,0,Single,1187.31
68,Urban,3,50,Sedan,12829,666,0,Married,1109.71
56,Rural,1,38,SUV,11240,719,0,Single,865.71
55,Suburban,3,37,Sedan,14167,707,0,Married,1062.19
51,Urban,5,33,Sports,13055,804,0,Single,1736.93
55,Suburban,0,37,Sedan,12689,630,1,Single,1114.72
67,Rural,1,49,Sedan,5000,701,2,Single,1117.18
51,Suburban,2,33,Sports,8821,721,1,Married,1471.34
35,Rural,0,17,Sedan,16570,687,0,Married,793.5
47,Rural,2,29,SUV,17217,633,0,Single,1358.95
32,Urban,0,14,Truck,6644,762,1,Married,1170.92
44,Urban,2,26,Truck,10741,716,1,Married,1632.57
68,Suburban,1,50,Sports,18287,636,1,Married,1668.83
51,Urban,3,33,Sports,11127,721,0,Married,1698.08
69,Rural,2,51,Sedan,13554,785,0,Single,854.88
74,Rural,5,56,Truck,19767,698,1,Single,1576.53
55,Urban,3,37,SUV,12553,699,0,Married,1352.35
50,Urban,1,32,SUV,11981,778,1,Married,1419.89
41,Suburban,1,23,Sedan,13371,651,0,Married,1167.02
32,Urban,3,14,SUV,21413,786,0,Married,1577.46
47,Rural,0,29,Sports,15784,748,0,Single,1277.91
72,Urban,0,54,Sports,14076,653,0,Married,1234.42
59,Suburban,1,41,SUV,11902,666,0,Single,1080.81
68,Urban,1,50,Sedan,16155,673,1,Married,1260.95
34,Suburban,2,16,Sedan,16638,608,0,Married,1312.11
22,Urban,4,4,Truck,9707,713,0,Married,1687.86
46,Suburban,2,28,Truck,16746,656,0,Married,1478.87
21,Urban,6,3,SUV,13395,714,0,Single,2076.42
27,Suburban,1,9,Sedan,14099,635,0,Single,1266.09
73,Rural,2,55,SUV,10462,746,0,Married,827.75
34,Urban,1,16,SUV,12400,736,2,Married,1813.09
27,Urban,3,9,Sports,9879,664,0,Single,1971.16
34,Urban,3,16,SUV,9687,717,0,Married,1568.73
37,Suburban,2,19,Sedan,15508,704,1,Married,1437.43
41,Suburban,4,23,SUV,12579,774,0,Single,1462.16
22,Suburban,2,4,Sedan,8801,648,1,Single,1622.01
51,Urban,3,33,Sports,22708,692,0,Married,1753.9
23,Urban,2,5,Sedan,9501,667,0,Married,1414.84
